{
    "accuracy": 0.7444996451383961,
    "recall": 0.8605898123324397,
    "precision": 0.5103338632750397,
    "auc": 0.8635813139834586
}