{
    "accuracy": 0.8126330731014905,
    "recall": 0.7265415549597856,
    "precision": 0.625866050808314,
    "auc": 0.8645517405571025
}